id,name,model_id:id,group_id:id,perm_read,perm_write,perm_create,perm_unlink
access_formacio_cicle_director,access.formacio.cicle.director,model_formacio_cicle,group_director,1,1,1,1
access_formacio_modul_director,access.formacio.modul.director,model_formacio_modul,group_director,1,1,1,1
access_formacio_alumne_director,access.formacio.alumne.director,model_formacio_alumne,group_director,1,1,1,1
access_formacio_professor_director,access.formacio.professor.director,model_formacio_professor,group_director,1,1,1,1

access_formacio_professor_lectura,access.formacio.professor.lectura,model_formacio_professor,group_professor,1,0,0,0
